Name,Homepage URL
American University,https://www.american.edu/
Arizona State University,https://www.asu.edu/
Auburn University,https://www.auburn.edu/
Baylor College of Medicine,https://www.bcm.edu/
Baylor University,https://www.baylor.edu/
Binghamton University,https://www.binghamton.edu/
Boston College,https://www.bc.edu/
Boston University,https://www.bu.edu/homepage-alt/
Brandeis University,https://www.brandeis.edu/
Brigham Young University,https://www.byu.edu/
Brown University,https://www.brown.edu/
California Institute of Technology,https://en.wikipedia.org/wiki/California_Institute_of_Technology
Carnegie Mellon University,https://www.cmu.edu/
Case Western Reserve University,https://case.edu/
Catholic University of America,https://www.catholic.edu/
Clemson University,https://www.clemson.edu/index.html
Colorado School of Mines,https://www.mines.edu/
Colorado State University-Fort Collins,https://www.colostate.edu/
Columbia University in the City of New York,https://www.columbia.edu/
Cornell University,https://www.cornell.edu/
CUNY Graduate School and University Center,https://www.gc.cuny.edu/
Dartmouth College,https://home.dartmouth.edu/dartmouth
Drexel University,https://drexel.edu/
Duke University,https://duke.edu/
East Carolina University,https://www.ecu.edu/
Emory University,https://www.emory.edu/home/index.html
Florida Atlantic University,https://www.fau.edu/
Florida International University,https://www.fiu.edu/
Florida State University,https://www.fsu.edu/
George Mason University,https://www.gmu.edu/
George Washington University,https://www.gwu.edu/
Georgetown University,https://www.georgetown.edu/
Georgia Institute of Technology-Main Campus,https://gatech.edu/node/1
Georgia State University,https://www.gsu.edu/
Harvard University,https://www.harvard.edu/
Howard University,https://howard.edu/
Indiana University Bloomington,https://bloomington.iu.edu/
Indiana University Indianapolis,https://indianapolis.iu.edu/
Iowa State University,https://www.iastate.edu/
Johns Hopkins University,https://www.jhu.edu/
Kansas State University,https://www.k-state.edu/
Kent State University at Kent,https://www.kent.edu/
Lehigh University,https://www2.lehigh.edu/
Louisiana State University and Agricultural & Mechanical College,https://www.lsu.edu/
Loyola University Chicago,https://www.luc.edu/
Massachusetts Institute of Technology,https://www.mit.edu/
Medical University of South Carolina,https://web.musc.edu/
Michigan State University,https://msu.edu/
Michigan Technological University,https://www.mtu.edu/
Mississippi State University,http://www.msstate.edu/
Missouri University of Science and Technology,https://futurestudents.mst.edu/admissions/
Montana State University,https://www.montana.edu/
New Jersey Institute of Technology,https://www.njit.edu/
New Mexico State University-Main Campus,https://www.nmsu.edu/
New York University,https://www.nyu.edu/
North Carolina State University at Raleigh,https://www.ncsu.edu/
North Dakota State University-Main Campus,https://www.ndsu.edu/
Northeastern University,https://www.northeastern.edu/
Northern Arizona University,https://nau.edu/
Northwestern University,https://www.northwestern.edu/
Nova Southeastern University,https://www.nova.edu/
Ohio State University-Main Campus,https://www.osu.edu/
Ohio University-Main Campus,https://www.ohio.edu/
Oklahoma State University,https://go.okstate.edu/
Old Dominion University,https://www.odu.edu/
Oregon State University,https://oregonstate.edu/
Princeton University,https://www.princeton.edu/
Purdue University,https://www.purdue.edu/
Rensselaer Polytechnic Institute,https://www.rpi.edu/
Rice University,https://www.rice.edu/
Rutgers University-New Brunswick,https://newbrunswick.rutgers.edu/
Saint Louis University,https://slubillikens.com/
San Diego State University,https://www.sdsu.edu/
Southern Illinois University-Carbondale,https://siu.edu/
Southern Methodist University,https://www.smu.edu/
Stanford University,https://www.stanford.edu/
Stony Brook University,https://www.stonybrook.edu/
Syracuse University,https://www.syracuse.edu/
Temple University,https://www.temple.edu/
Texas A & M University-College Station,https://www.tamu.edu/index.html
Texas Tech University,https://www.ttu.edu/
The Pennsylvania State University,https://www.psu.edu/
The University of Alabama,https://www.ua.edu/
The University of Montana,https://www.umt.edu/
The University of Tennessee Health Science Center,https://www.uthsc.edu/
The University of Tennessee-Knoxville,https://www.utk.edu/
The University of Texas at Arlington,https://www.uta.edu/
The University of Texas at Austin,https://www.utexas.edu/
The University of Texas at Dallas,https://www.utdallas.edu/
The University of Texas at El Paso,https://www.utep.edu/
The University of Texas at San Antonio,https://www.utsa.edu/
The University of Texas Health Science Center at Houston,https://www.uth.edu/
The University of Texas Health Science Center at San Antonio,https://uthscsa.edu/
Tufts University,https://www.tufts.edu/
Tulane University of Louisiana,https://tulane.edu/
University at Albany,https://www.albany.edu/
University at Buffalo,https://www.buffalo.edu/
University of Alabama at Birmingham,https://www.uab.edu/home/
University of Arizona,https://www.arizona.edu/
University of Arkansas,Not Found
"University of California, Berkeley",Not Found
"University of California, Davis",Not Found
"University of California, Irvine",Not Found
"University of California, Los Angeles",Not Found
"University of California, Merced",Not Found
"University of California, Riverside",Not Found
"University of California, San Diego",Not Found
"University of California, San Francisco",Not Found
"University of California, Santa Barbara",Not Found
"University of California, Santa Cruz",Not Found
University of Central Florida,Not Found
University of Chicago,Not Found
University of Cincinnati,Not Found
University of Colorado Boulder,Not Found
University of Colorado Denver/Anschutz Medical Campus,Not Found
University of Connecticut,Not Found
University of Dayton,Not Found
University of Delaware,Not Found
University of Denver,Not Found
University of Florida,Not Found
University of Georgia,Not Found
University of Hawaii at Manoa,Not Found
University of Houston,Not Found
University of Idaho,Not Found
University of Illinois Chicago,Not Found
University of Illinois Urbana-Champaign,Not Found
University of Iowa,Not Found
University of Kansas,Not Found
University of Kentucky,Not Found
University of Louisiana at Lafayette,Not Found
University of Louisville,Not Found
University of Maine,Not Found
University of Maryland-Baltimore County,Not Found
University of Maryland-College Park,Not Found
"University of Maryland, Baltimore",Not Found
University of Massachusetts-Amherst,Not Found
University of Massachusetts-Boston,Not Found
University of Massachusetts-Lowell,Not Found
University of Memphis,Not Found
University of Miami,Not Found
University of Michigan-Ann Arbor,Not Found
University of Minnesota-Twin Cities,Not Found
University of Mississippi,Not Found
University of Missouri-Columbia,Not Found
University of Missouri-Kansas City,Not Found
University of Nebraska Medical Center,Not Found
University of Nebraska-Lincoln,Not Found
University of Nevada-Las Vegas,Not Found
University of Nevada-Reno,Not Found
University of New Hampshire-Main Campus,Not Found
University of New Mexico-Main Campus,Not Found
University of North Carolina at Chapel Hill,Not Found
University of North Carolina at Charlotte,Not Found
University of North Dakota,Not Found
University of North Texas,Not Found
University of Notre Dame,Not Found
University of Oklahoma-Norman Campus,Not Found
University of Oregon,Not Found
University of Pennsylvania,Not Found
University of Pittsburgh-Pittsburgh Campus,Not Found
University of Rhode Island,Not Found
University of Rochester,Not Found
University of South Carolina-Columbia,Not Found
University of South Florida,Not Found
University of Southern California,Not Found
University of Southern Mississippi,Not Found
University of Texas Southwestern Medical Center,Not Found
University of Toledo,Not Found
University of Utah,Not Found
University of Vermont,Not Found
University of Virginia-Main Campus,Not Found
University of Washington-Seattle Campus,Not Found
University of Wisconsin-Madison,Not Found
University of Wisconsin-Milwaukee,Not Found
University of Wyoming,Not Found
Utah State University,Not Found
Vanderbilt University,Not Found
Virginia Commonwealth University,Not Found
Virginia Polytechnic Institute and State University,Not Found
Washington State University,Not Found
Washington University in St Louis,Not Found
Wayne State University,Not Found
Weill Cornell Medicine of Cornell University,Not Found
West Virginia University,Not Found
William & Mary,Not Found
Worcester Polytechnic Institute,Not Found
Yale University,Not Found
Abilene Christian University,Not Found
Air Force Institute of Technology Graduate School of Engineering & Management,Not Found
Albert Einstein College of Medicine,Not Found
Appalachian State University,Not Found
Arkansas State University,Not Found
Augusta University,Not Found
Azusa Pacific University,Not Found
Ball State University,Not Found
Boise State University,Not Found
Bowling Green State University,Not Found
"California State Polytechnic University, Pomona",Not Found
"California State University, Fresno",Not Found
"California State University, Fullerton",Not Found
"California State University, Long Beach",Not Found
"California State University, Los Angeles",Not Found
"California State University, Sacramento",Not Found
Central Michigan University,Not Found
Chapman University,Not Found
Claremont Graduate University,Not Found
Clark Atlanta University,Not Found
Clark University,Not Found
Clarkson University,Not Found
Cleveland State University,Not Found
Creighton University,Not Found
CUNY City College,Not Found
CUNY Hunter College,Not Found
Delaware State University,Not Found
DePaul University,Not Found
Duquesne University,Not Found
East Tennessee State University,Not Found
East Texas A&M University,Not Found
Eastern Michigan University,Not Found
"Eastern Virginia Medical School (EVMS ceased being a separate institution on July 1, 2024. It is now part of Old Dominion University)",Not Found
Embry-Riddle Aeronautical University-Daytona Beach,Not Found
Florida Agricultural and Mechanical University,Not Found
Florida Institute of Technology,Not Found
Fordham University,Not Found
Georgia Southern University,Not Found
Hampton University,Not Found
Hofstra University,Not Found
Icahn School of Medicine at Mount Sinai,Not Found
Idaho State University,Not Found
Illinois Institute of Technology,Not Found
Illinois State University,Not Found
Indiana University of Pennsylvania,Not Found
Jackson State University,Not Found
James Madison University,Not Found
Kean University,Not Found
Kennesaw State University,Not Found
Lamar University,Not Found
Loma Linda University,Not Found
Long Island University,Not Found
"Louisiana State University Health Sciences Center, New Orleans",Not Found
Louisiana Tech University,Not Found
Loyola Marymount University,Not Found
Marquette University,Not Found
Marshall University,Not Found
Medical College of Wisconsin,Not Found
Mercer University,Not Found
"Miami University, Oxford",Not Found
Middle Tennessee State University,Not Found
Montclair State University,Not Found
Morgan State University,Not Found
North Carolina A&T State University,Not Found
Northern Illinois University,Not Found
Oakland University,Not Found
Oklahoma State University Center for Health Sciences,Not Found
Oregon Health & Science University,Not Found
Pepperdine University,Not Found
Portland State University,Not Found
Prairie View A&M University,Not Found
Rochester Institute of Technology,Not Found
Rockefeller University,Not Found
Rowan University,Not Found
Rush University,Not Found
Rutgers University–Camden,Not Found
Rutgers University–Newark,Not Found
Saint Joseph's University,Not Found
Sam Houston State University,Not Found
San Francisco State University,Not Found
San Jose State University,Not Found
Seton Hall University,Error
South Carolina State University,Error
South Dakota State University,Error
Southern Connecticut State University,Error
Southern University,Not Found
Stevens Institute of Technology,Error
SUNY College of Environmental Science and Forestry,Not Found
Tarleton State University,Error
"Teachers College, Columbia University",Not Found
Tennessee State University,Not Found
Tennessee Technological University,Error
Texas A&M University–Corpus Christi,Not Found
Texas A&M University–Kingsville,Not Found
Texas Christian University,Not Found
Texas Southern University,Not Found
Texas State University,Not Found
Texas Tech University Health Sciences Center,Not Found
Texas Woman's University,Not Found
The New School,Not Found
The University of Texas at Tyler,Not Found
The University of Texas Medical Branch at Galveston,Not Found
The University of Texas Rio Grande Valley,Not Found
The University of West Florida,Not Found
Thomas Jefferson University,Not Found
University of Akron Main Campus,Not Found
"University of Alabama, Huntsville",Not Found
University of Alaska Fairbanks,Not Found
University of Arkansas at Little Rock,Not Found
University of Arkansas for Medical Sciences,Not Found
University of Colorado Colorado Springs,Not Found
University of Massachusetts Chan Medical School,Not Found
University of Massachusetts Dartmouth,Not Found
University of Michigan-Dearborn,Not Found
University of Missouri–St. Louis,Not Found
University of Nebraska Omaha,Not Found
University of New England,Not Found
University of New Orleans,Not Found
University of North Carolina at Greensboro,Not Found
University of North Carolina Wilmington,Not Found
University of North Florida,Not Found
University of Northern Colorado,Not Found
University of Oklahoma-Health Sciences Center,Not Found
"University of Puerto Rico, Mayaguez",Not Found
"University of Puerto Rico, Rio Piedras",Not Found
University of San Diego,Not Found
University of San Francisco,Not Found
University of South Alabama,Not Found
University of South Dakota,Not Found
University of Tulsa,Not Found
Upstate Medical University,Not Found
Villanova University,Not Found
Virginia State University,Not Found
Wake Forest University,Not Found
West Chester University of Pennsylvania,Not Found
Western Michigan University,Not Found
Wichita State University,Not Found
Wright State University,Not Found
Yeshiva University,Not Found
